
-- staff y arbitros 
INSERT INTO personas (idpersona, nombre, apellidos, fecha_de_nacimiento, altura, peso, sexo, nacionalidad) VALUES
(1,'Ana', 'García Pérez', '1990-03-15', 165, 55, 'F', 'Española'),
(2,'Juan', 'Martínez López', '1985-07-21', 180, 75, 'M', 'Mexicana'),
(3,'María', 'Rodríguez González', '1992-05-10', 170, 60, 'F', 'Colombiana'),
(4,'Carlos', 'Fernández Sánchez', '1988-09-28', 175, 70, 'M', 'Argentina'),
(5,'Laura', 'López Martínez', '1995-12-04', 160, 50, 'F', 'Peruana'),
(6,'Pedro', 'Gómez Rodríguez', '1983-08-17', 185, 80, 'M', 'Chilena'),
(7,'Sofía', 'Pérez García', '1998-02-20', 168, 58, 'F', 'Brasileña'),
(8,'Daniel', 'Hernández Fernández', '1993-11-09', 177, 72, 'M', 'Venezolana'),
(9,'Lucía', 'González López', '1989-06-25', 163, 53, 'F', 'Uruguaya'),
(10,'Diego', 'Martín Pérez', '1991-04-30', 182, 78, 'M', 'Ecuatoriana'),
(11,'Marina', 'Sánchez Martínez', '1996-10-12', 166, 56, 'F', 'Panameña'),
(12,'Andrés', 'Díaz González', '1987-01-08', 178, 73, 'M', 'Costarricense'),
(13,'Paula', 'Torres Pérez', '1994-09-03', 172, 65, 'F', 'Paraguaya'),
(14,'Javier', 'Ruiz Rodríguez', '1986-11-27', 180, 75, 'M', 'Boliviana'),
(15,'Elena', 'Flores Martínez', '1997-07-18', 167, 57, 'F', 'Dominicana'),
(16,'Alejandro', 'Ramírez García', '1984-03-05', 183, 79, 'M', 'Puertorriqueña'),
(17,'Valeria', 'Gómez Pérez', '1990-08-09', 169, 59, 'F', 'Salvadoreña'),
(18,'Miguel', 'Herrera Sánchez', '1993-01-12', 176, 71, 'M', 'Guatemalteca'),
(19,'Carmen', 'Núñez Rodríguez', '1995-06-08', 171, 64, 'F', 'Hondureña'),
(20,'Óscar', 'Vargas López', '1988-04-23', 179, 74, 'M', 'Nicaragüense');

--deportistas
INSERT INTO personas (idpersona, nombre, apellidos, fecha_de_nacimiento, altura, peso, sexo, nacionalidad) VALUES
(21, 'Roger', 'Federer', '1981-08-08', 1.85, 85.0, 'M', 'Suiza'),
(22, 'Rafael', 'Nadal', '1986-06-03', 1.85, 85.0, 'M', 'España'),
(23, 'Novak', 'Djokovic', '1987-05-22', 1.88, 77.0, 'M', 'Serbia'),
(24, 'Andy', 'Murray', '1987-05-15', 1.91, 84.0, 'M', 'Reino Unido'),
(25, 'Ana', 'Wawrinka', '1985-03-28', 1.83, 81.0, 'F', 'Suiza'),
(26, 'Stroba', 'Thiem', '1993-09-03', 1.85, 79.0, 'F', 'Austria'),
(27, 'Polpava', 'Zverev', '1997-04-20', 1.98, 90.0, 'F', 'Alemania'),
(28, 'Daniile', 'Medvedev', '1996-02-11', 1.98, 83.0, 'F', 'Rusia'),
(29, 'Stefanos', 'Tsitsipas', '1998-08-12', 1.93, 83.0, 'M', 'Grecia'),
(30, 'Andrey', 'Rublev', '1997-10-20', 1.88, 75.0, 'M', 'Rusia'),
(31, 'Karen', 'Khachanov', '1996-05-21', 1.98, 85.0, 'M', 'Rusia'),
(32, 'Diego', 'Schwartzman', '1992-08-16', 1.70, 64.0, 'M', 'Argentina'),
(33, 'Fabio', 'Fognini', '1987-05-24', 1.78, 74.0, 'M', 'Italia'),
(34, 'Gael', 'Monfils', '1986-09-01', 1.93, 80.0, 'M', 'Francia'),
(35, 'Kei', 'Nishikori', '1989-12-29', 1.78, 75.0, 'M', 'Japón'),
(36, 'Juan Martin', 'Del Potro', '1988-09-23', 1.98, 97.0, 'M', 'Argentina'),
(37, 'Clara', 'Tsonga', '1985-04-17', 1.88, 93.0, 'F', 'Francia'),
(38, 'Serena', 'Williams', '1981-09-26', 1.75, 70.0, 'F', 'Estados Unidos'),
(39, 'Venus', 'Williams', '1980-06-17', 1.85, 75.0, 'F', 'Estados Unidos'),
(40, 'Maria', 'Sharapova', '1987-04-19', 1.88, 59.0, 'F', 'Rusia'),
(41, 'Simona', 'Halep', '1991-09-27', 1.68, 60.0, 'F', 'Rumania'),
(42, 'Naomi', 'Osaka', '1997-10-16', 1.80, 69.0, 'F', 'Japón'),
(43, 'Ashleigh', 'Barty', '1996-04-24', 1.66, 62.0, 'F', 'Australia'),
(44, 'Petra', 'Kvitova', '1990-03-08', 1.82, 68.0, 'F', 'República Checa'),
(45, 'Angeliquo', 'Kerber', '1988-01-18', 1.73, 68.0, 'M', 'Alemania'),
(46, 'Victoria', 'Azarenka', '1989-07-31', 1.83, 70.0, 'F', 'Bielorrusia'),
(47, 'Carolin', 'Wozniacki', '1990-07-11', 1.77, 63.0, 'M', 'Dinamarca'),
(48, 'Garbiñe', 'Muguruza', '1993-10-08', 1.82, 73.0, 'F', 'España'),
(49, 'Sloan', 'Stephens', '1993-03-20', 1.70, 64.0, 'M', 'Estados Unidos'),
(50, 'Elina', 'Svitolina', '1994-09-12', 1.74, 60.0, 'F', 'Ucrania'),
(51, 'Bianc', 'Andreescu', '2000-06-16', 1.70, 60.0, 'M', 'Canadá'),
(52, 'Iga', 'Swiatek', '2001-05-31', 1.76, 65.0, 'F', 'Polonia');

--entrenadores
INSERT INTO personas (idpersona, nombre, apellidos, fecha_de_nacimiento, altura, peso, sexo, nacionalidad) VALUES
(53, 'Juan', 'Martínez', '1986-06-03', 1.85, 85.0, 'M', 'España'),
(54, 'Hans', 'Schneider', '1981-08-08', 1.85, 85.0, 'M', 'Alemania'),
(55, 'Nikolai', 'Ivanov', '1987-05-22', 1.88, 77.0, 'M', 'Rusia'),
(56, 'Oliver', 'Smith', '1987-05-15', 1.90, 84.0, 'M', 'Reino Unido'),
(57, 'Emily', 'Johnson', '1981-09-26', 1.75, 70.0, 'F', 'Estados Unidos'),
(58, 'Sarah', 'Brown', '1980-06-17', 1.85, 74.0, 'F', 'Estados Unidos'),
(59, 'Anastasia', 'Petrova', '1987-04-19', 1.88, 59.0, 'F', 'Rusia'),
(60, 'Elena', 'Popescu', '1991-09-27', 1.68, 60.0, 'F', 'Rumania'),
(61, 'Yui', 'Takahashi', '1997-10-16', 1.80, 69.0, 'F', 'Japón'),
(62, 'Lukas', 'Bauer', '1993-09-03', 1.85, 79.0, 'M', 'Austria'),
(63, 'Marc', 'Müller', '1985-03-28', 1.83, 81.0, 'M', 'Suiza'),
(64, 'Kenji', 'Yamamoto', '1989-12-29', 1.78, 75.0, 'M', 'Japón'),
(65, 'Garbiñe', 'Muguruza', '1993-10-08', 1.82, 73.0, 'F', 'España'),
(66, 'Victoria', 'Kuznetsova', '1989-07-31', 1.83, 70.0, 'F', 'Rusia'),
(67, 'Sofie', 'Andersen', '1990-07-11', 1.77, 65.0, 'F', 'Dinamarca'),
(68, 'Petra', 'Nováková', '1990-03-08', 1.82, 70.0, 'F', 'República Checa'),
(69, 'Anja', 'Müller', '1988-01-18', 1.73, 68.0, 'F', 'Alemania'),
(70, 'Ashleigh', 'Smith', '1996-04-24', 1.66, 62.0, 'F', 'Australia'),
(71, 'Olena', 'Shevchenko', '1994-09-12', 1.74, 60.0, 'F', 'Ucrania'),
(72, 'Stefanos', 'Kostopoulos', '1998-08-12', 1.93, 83.0, 'M', 'Grecia'),
(73, 'Alexander', 'Schmidt', '1997-04-20', 1.98, 86.0, 'M', 'Alemania'),
(74, 'Dmitry', 'Medvedev', '1996-02-11', 1.98, 83.0, 'M', 'Rusia'),
(75, 'Andrey', 'Volkov', '1997-10-20', 1.88, 75.0, 'M', 'Rusia'),
(76, 'Bianca', 'Andreescu', '2000-06-16', 1.70, 60.0, 'F', 'Canadá'),
(77, 'Sofia', 'Jones', '1998-11-14', 1.70, 63.0, 'F', 'Estados Unidos'),
(78, 'Iga', 'Kowalski', '2001-05-31', 1.76, 65.0, 'F', 'Polonia'),
(79, 'Aryna', 'Sokolov', '1998-05-05', 1.82, 80.0, 'F', 'Bielorrusia'),
(80, 'Karolina', 'Plíšková', '1992-03-21', 1.86, 72.0, 'F', 'República Checa'),
(81, 'Belinda', 'Huber', '1997-03-10', 1.75, 63.0, 'F', 'Suiza'),
(82, 'Giovanni', 'Rossi', '2001-08-16', 1.88, 76.0, 'M', 'Italia'),
(83, 'Felipe', 'González', '2000-08-08', 1.93, 84.0, 'M', 'Chile'),
(84,'javier', 'Reuss','2001-08-16',1.87,78.0,'M','canada');

INSERT INTO informacion_de_contacto (id_informacion_de_contacto, numero_de_telefono, correo, direccion, ciudad_de_residencia) VALUES
(1, 5551234, 'juan' || floor(random() * 1000) || '@gmail.com', 'Calle Falsa 123', 'Ciudad A'),
(2, 5555678, 'maria' || floor(random() * 1000) || '@gmail.com', 'Avenida Siempre Viva 742', 'Ciudad B'),
(3, 5559101, 'carlos' || floor(random() * 1000) || '@gmail.com', 'Calle del Sol 456', 'Ciudad C'),
(4, 5551123, 'ana' || floor(random() * 1000) || '@gmail.com', 'Calle Luna 789', 'Ciudad D'),
(5, 5551314, 'luis' || floor(random() * 1000) || '@gmail.com', 'Calle Estrella 101', 'Ciudad E'),
(6, 5551516, 'jose' || floor(random() * 1000) || '@gmail.com', 'Calle Mar 202', 'Ciudad F'),
(7, 5551718, 'laura' || floor(random() * 1000) || '@gmail.com', 'Avenida del Río 303', 'Ciudad G'),
(8, 5551920, 'pedro' || floor(random() * 1000) || '@gmail.com', 'Calle del Bosque 404', 'Ciudad H'),
(9, 5552122, 'marta' || floor(random() * 1000) || '@gmail.com', 'Avenida del Lago 505', 'Ciudad I'),
(10, 5552324, 'jorge' || floor(random() * 1000) || '@gmail.com', 'Calle del Monte 606', 'Ciudad J');

ALTER TABLE roles_de_los_staff
ALTER COLUMN nombre TYPE VARCHAR(50),
ALTER COLUMN descripcion TYPE VARCHAR(100),
ALTER COLUMN responsabilidad_especifica TYPE VARCHAR(100);

INSERT INTO roles_de_los_staff (id_rol_staff, nombre, descripcion, responsabilidad_especifica) VALUES
(1, 'Recogepelotas', 'Asisten en la recolección de pelotas y apoyo a los jugadores.', 'Recogen pelotas y proveen pelotas y toallas a los jugadores.'),
(2, 'Personal de Mantenimiento de Cancha', 'Mantienen la cancha en condiciones óptimas.', 'Arreglan líneas, limpian la superficie, y aseguran que la cancha sea segura.'),
(3, 'Entrenadores y Asistentes', 'Proveen asistencia y consejo a los jugadores.', 'Asisten y aconsejan a los jugadores durante y entre partidos.'),
(4, 'Personal Médico', 'Asisten a los jugadores en caso de lesiones o emergencias médicas.', 'Proveen evaluaciones y tratamientos médicos rápidos.'),
(5, 'Coordinadores de Torneo', 'Organizan el evento y manejan la logística y la programación de partidos.', 'Coordinan entre jugadores, árbitros y personal de apoyo.'),
(6, 'Anunciadores y Personal de Prensa', 'Proveen información y anuncios al público y manejan la comunicación con los medios.', 'Hacen anuncios al público y coordinan con los medios de comunicación.'),
(7, 'Voluntarios', 'Asisten en diversas tareas organizativas y de apoyo durante el torneo.', 'Apoyan en diversas tareas logísticas y organizativas.');

INSERT INTO horarios_staff (id_horario, fecha, hora_entrada, hora_salida) VALUES
(1, '2024-05-01', '08:00:00', '16:00:00'),
(2, '2024-06-01', '09:00:00', '17:00:00'),
(3, '2024-07-01', '10:00:00', '18:00:00'),
(4, '2024-08-01', '11:00:00', '19:00:00'),
(5, '2024-09-01', '08:30:00', '16:30:00'),
(6, '2024-10-01', '09:30:00', '17:30:00'),
(7, '2024-11-01', '10:30:00', '18:30:00'),
(8, '2024-12-01', '11:30:00', '19:30:00'),
(9, '2025-01-01', '08:15:00', '16:15:00'),
(10, '2025-02-01', '09:15:00', '17:15:00');

INSERT INTO staffs (idpersona, id_rol, id_informacion_de_contacto,id_horarios_de_staff ) VALUES
(1, 1, 1, 1),   -- Recogepelotas, Juan, Horario 1
(2, 2, 2, 2),   -- Personal de Mantenimiento de Cancha, María, Horario 2
(3, 3, 3, 3),   -- Personal Médico, Carlos, Horario 3
(4, 4, 4, 4),   -- Coordinadores de Torneo, Ana, Horario 4
(5, 5, 5, 5),   -- Anunciadores y Personal de Prensa, Luis, Horario 5
(6, 6, 6, 6),   -- Voluntarios, José, Horario 6
(7, 1, 7, 7),   -- Recogepelotas, Laura, Horario 7
(8, 2, 8, 8),   -- Personal de Mantenimiento de Cancha, Pedro, Horario 8
(9, 3, 9, 9),   -- Personal Médico, Marta, Horario 9
(10, 4, 10, 10);

INSERT INTO historial_de_trabajo (id_historial, nombre_deportista, fecha_inicio, fecha_finalizacion) VALUES
(1, 'Roger Federer', '2023-01-01', '2023-12-01'),
(2, 'Serena Williams', '2023-02-15', '2023-11-30'),
(3, 'Rafael Nadal', '2023-03-10', '2023-10-15'),
(4, 'Naomi Osaka', '2023-04-05', '2023-09-20'),
(5, 'Novak Djokovic', '2023-05-20', '2023-08-10'),
(6, 'Ashleigh Barty', '2023-06-15', '2023-07-25'),
(7, 'Dominic Thiem', '2023-06-30', '2023-07-10'),
(8, 'Simona Halep', '2023-06-05', '2023-08-15'),
(9, 'Stefanos Tsitsipas', '2023-09-01', '2023-12-31'),
(10, 'Aryna Sabalenka', '2023-10-15', '2023-11-15');

ALTER TABLE modalidades
ALTER COLUMN descripcion TYPE varchar(100);

INSERT INTO modalidades (id_modalidad, tipo, descripcion) VALUES
(1, 'Individual Masculino', 'Modalidad donde compiten individualmente jugadores masculinos.'),
(2, 'Individual Femenino', 'Modalidad donde compiten individualmente jugadoras femeninas.'),
(3, 'Dobles Masculino', 'Modalidad donde compiten equipos de dos jugadores masculinos.'),
(4, 'Dobles Femenino', 'Modalidad donde compiten equipos de dos jugadoras femeninas.'),
(5, 'Dobles Mixto', 'Modalidad donde compiten equipos de un jugador masculino y una jugadora femenina.');

ALTER TABLE tipo_personas
ALTER COLUMN descripcion TYPE varchar(100);

 INSERT INTO tipo_personas (id_tipo_persona, nombre, descripcion) VALUES
(1, 'staff', 'Personal de apoyo en el evento.'),
(2, 'arbitro', 'Oficial encargado de hacer cumplir las reglas.'),
(3, 'deportista', 'Participante en el evento.'),
(4, 'entrenador', 'Persona que entrena a los jugadores.');

ALTER TABLE certificaciones
ALTER COLUMN nombre TYPE VARCHAR(100),
ALTER COLUMN institucion TYPE VARCHAR(100);

INSERT INTO certificaciones (id_certificacion, nombre, institucion) VALUES
(1, 'Entrenador de Tenis Nivel 1', 'Federación Internacional de Tenis'),
(2, 'Entrenador de Tenis Nivel 2', 'Asociación de Tenis de Estados Unidos'),
(3, 'Entrenador de Tenis Avanzado', 'Asociación de Tenis Británica'),
(4, 'Entrenador de Tenis Profesional', 'Real Federación Española de Tenis'),
(5, 'Entrenador de Tenis Certificado', 'Federación Francesa de Tenis');

INSERT INTO arbitros (idpersona, tipo, fecha_inicio_carrera, id_certificacion) VALUES
(11, 'Arbitro de linea', '2015-06-20', 1),
(12, 'Arbitro de silla', '2014-08-12', 2),
(13, 'Arbitro de linea', '2016-04-10', 3),
(14, 'Arbitro de silla', '2013-10-05', 4),
(15, 'Arbitro de linea', '2017-02-28', 5),
(16, 'Arbitro de silla', '2018-09-15', 1),
(17, 'Arbitro de linea', '2019-11-20', 2),
(18, 'Arbitro de silla', '2015-07-10', 3),
(19, 'Arbitro de linea', '2016-08-05', 4),
(20, 'Arbitro de silla', '2014-03-22', 5);

---------------------------------------------------------------
alter table tipos_convenios
alter column descripcion type varchar(100),
alter column nombre type varchar(100);

INSERT INTO tipos_convenios (id_tipo, nombre, descripcion)
VALUES 
(1, 'Patrocinio Principal', 'Convenio de patrocinio principal del torneo'),
(2, 'Patrocinio Secundario', 'Convenio de patrocinio secundario del torneo'),
(3, 'Patrocinio Tercero', 'Convenio de patrocinio terciario del torneo'),
(4, 'Transmisión', 'Convenio de derechos de transmisión del torneo'),
(5, 'Publicidad', 'Convenio de publicidad durante el torneo'),
(6, 'Equipamiento', 'Convenio para el suministro de equipamiento deportivo'),
(7, 'Alojamiento', 'Convenio para el alojamiento de deportistas y staff'),
(8, 'Transporte', 'Convenio para el transporte de deportistas y staff'),
(9, 'Alimentación', 'Convenio para la alimentación de deportistas y staff'),
(10, 'Seguridad', 'Convenio para la seguridad durante el torneo');

INSERT INTO Estado_convenios (id_estado, nombre, decripcion)
VALUES 
(1, 'Activo', 'Convenio en vigor'),
(2, 'Inactivo', 'Convenio finalizado');

INSERT INTO Convenios (id_convenio, id_tipo, id_estado, nombre_empresa, valor,fecha_inicio, fecha_finalizacion)
VALUES 
(1, 1, 1, 'Nike', 500000,'1980-06-20','2030-12-20'),
(2, 2, 1, 'Adidas', 300000,'1990-06-20','2030-12-20'),
(3, 3, 1, 'Puma', 200000,'1990-06-20','2030-12-20'),
(4, 4, 1, 'ESPN', 1000000,'2000-06-20','2030-12-20'),
(5, 5, 1, 'Coca Cola', 250000,'2000-06-20','2030-12-20'),
(6, 6, 1, 'Wilson', 150000,'2000-06-20','2030-12-20'),
(7, 7, 2, 'Hilton', 400000,'2000-06-20','2030-12-20'),
(8, 8, 1, 'Uber', 100000,'2000-06-20','2030-12-20'),
(9, 10, 2, 'Securitas', 120000,'2000-06-20','2030-12-20'),
(10, 9, 1, 'McDonald\´s', 200000,'2000-06-20','2030-12-20'),
(11, 1, 1, 'Rolex', 600000, '2000-06-20','2030-12-20'),
(12, 2, 2, 'Pepsi', 350000, '2000-06-20','2030-12-20'),
(13, 3, 1, 'Samsung', 400000, '2000-06-20','2030-12-20'),
(14, 4, 2, 'BBC', 1200000, '2000-06-20','2030-12-20'),
(15, 5, 1, 'Red Bull', 275000, '2000-06-20','2030-12-20'),
(16, 6, 2, 'Head', 160000, '2000-06-20','2030-12-20'),
(17, 7, 1, 'Marriott', 420000, '2000-06-20','2030-12-20'),
(18, 8, 1, 'Lyft', 110000, '2000-06-20','2030-12-20'),
(19, 9, 1, 'Subway', 220000, '2000-06-20','2030-12-20'),
(20, 10, 1, 'Allianz', 130000, '2015-06-20','2030-12-20');

INSERT INTO Seguros (numero_de_poliza, tipo_de_cobertura, cobertura_medica_asociada, fecha_inicio, fecha_finalizacion)
VALUES 
(301, 'Completa', 'Sí', '2024-01-01', '2024-12-31'),
(302, 'Completa', 'No', '2024-01-01', '2024-12-31'),
(303, 'Básica', 'Sí', '2024-01-01', '2024-12-31'),
(304, 'Básica', 'No', '2024-01-01', '2024-12-31');

INSERT INTO deportistas (idpersona, id_modalidad, numero_de_poliza, estado_activo, ranking_mundial)
VALUES 
(21, 1, 301, 'Activo', 10),
(22, 1, 302, 'Activo', 5),
(23, 1, 303, 'Activo', 3),
(24, 1, 304,  'Activo', 7),
(25, 2, 303,  'Activo', 6),
(26, 2, 304,  'Activo', 24),
(27, 2, 302,  'Activo', 15),
(28, 2, 302,  'Activo', 16),
(29, 3, 301,  'Activo', 8),
(30, 3, 301,  'Activo', 1),
(31, 3, 302,  'Activo', 20),
(32, 3, 303,  'Activo', 9),
(33, 3, 303,  'Activo', 2),
(34, 3, 304,  'Activo', 4),
(35, 3, 302,  'Activo', 12),
(36, 3, 304,  'Activo', 17),
(37, 4, 301,  'Activo', 11),
(38, 4, 301,  'Activo', 25),
(39, 4, 302,  'Activo', 22),
(40, 4, 303,  'Activo', 23),
(41, 4, 301,  'Activo', 13),
(42, 4, 304, 'Activo', 26),
(43, 4, 303,  'Activo', 18),
(44, 4, 302,  'Activo', 21),
(45, 5, 304,  'Activo', 14),
(46, 5, 302,  'Activo', 32),
(47, 5, 303,  'Activo', 31),
(48, 5, 301, 'Activo', 28),
(49, 5, 302,  'Activo', 19),
(50, 5, 302,  'Activo', 30),
(51, 5, 304,  'Activo', 27),
(52, 5, 301,  'Activo', 29);

INSERT INTO entrenadores (idpersona, id_deportista, id_certificacion, historial_de_trabajo) VALUES
(53, 21, 1, 1),
(54, 22, 2, 2),
(55, 23, 3, 3),
(56, 24, 4, 4),
(57, 25, 5, 5),
(58, 26, 1, 6),
(59, 27, 2, 7),
(60, 28, 3, 8),
(61, 29, 4, 9),
(62, 30, 5, 10),

(63, 31, 1, 1),
(64, 32, 2, 2),
(65, 33, 3, 3),
(66, 34, 4, 4),
(67, 35, 5, 5),
(68, 36, 1, 6),
(69, 37, 2, 7),
(70, 38, 3, 8),
(71, 39, 4, 9),
(72, 40, 5, 10),

(73, 41, 1, 1),
(74, 42, 2, 2),
(75, 43, 3, 3),
(76, 44, 4, 4),
(77, 45, 5, 5),
(78, 46, 1, 6),
(79, 47, 2, 7),
(80, 48, 3, 8),
(81, 49, 4, 9),
(82, 50, 5, 10),

(83, 51, 1, 1),
(84, 52, 2, 2);


INSERT INTO Patrocinadores (id_patrocinador, telefono, nombre_empresa, correo, nivel_de_patrocinio, fecha_inicio, fecha_finalizacion)
VALUES 
(1, 12567, 'Reebok', 'contacto@reebok.com', 'Gold', '2024-01-01', '2024-12-31'),
(2, 12356, 'Fila', 'contacto@fila.com', 'Silver', '2024-01-01', '2024-12-31'),
(3, 12255, 'Asics', 'contacto@asics.com', 'Bronze', '2024-01-01', '2024-12-31'),
(4, 12356, 'New Balance','contacto@asics.com', 'Platinum', '2024-01-01', '2024-12-31'),
(5, 12359, 'Ritz-Carlton','contacto@asics.com', 'Gold', '2024-01-01', '2024-12-31'),
(6, 12357, 'Hertz','contacto@asics.com', 'Silver', '2024-01-01', '2024-12-31'),
(7, 12355, 'Pizza Hut','contacto@asics.com', 'Bronze', '2024-01-01', '2024-12-31'),
(8, 12351, 'G4S','contacto@asics.com', 'Platinum', '2024-01-01', '2024-12-31'),
(9, 12352, 'Fox Sports','contacto@asics.com', 'Gold', '2024-01-01', '2024-12-31'),
(10, 12353, 'Sprite','contacto@asics.com', 'Silver', '2024-01-01', '2024-12-31');

INSERT INTO Patrocinadores_de_los_deportistas (id_deportista, id_patrocinador)
VALUES 
(21, 5),
(22, 8),
(23, 2),
(24, 8),
(25, 6),
(26, 2),
(27, 1),
(28, 9),
(29, 10),
(30, 5),
(31, 3),
(32, 9),
(33, 4),
(34, 6),
(35, 4),
(36, 10),
(37, 1),
(38, 1),
(39, 3),
(40, 7),
(41, 6),
(42, 7),
(43, 9),
(44, 10),
(45, 4),
(46, 5),
(47, 4),
(48, 2),
(49, 5),
(50, 8),
(51, 9),
(52, 4);


alter table logros 
alter column nombre type varchar(100);

INSERT INTO Logros (id_logro, nombre)
VALUES 
(101, 'Campeón Roland Garros'),
(102, 'Subcampeón Roland Garros'),
(103, 'Semifinalista Roland Garros'),
(104, 'Cuartos de final Roland Garros'),
(105, 'Octavos de final Roland Garros'),
(106, 'Mejor Jugador del Torneo'),
(107, 'Revelación del Torneo'),
(108, 'Jugador Fair Play'),
(109, 'Mayor cantidad de aces'),
(110, 'Mayor cantidad de break points salvados');

INSERT INTO Especificaciones_medicas (id_deportista,id_especificacion_medica, padecimiento, tratamiento_medico, estado_actual, medicamento_recetado)
VALUES 
(21,201, 'Lesión de rodilla', 'Fisioterapia', 'Recuperado', 'Ibuprofeno'),
(22,202, 'Asma', 'Inhalador', 'Controlado', 'Salbutamol'),
(23,203, 'Diabetes', 'Insulina', 'Controlado', 'Insulina'),
(24,204, 'Fractura de brazo', 'Yeso', 'Recuperado', 'Paracetamol'),
(25,205, 'Hipertensión', 'Medicación', 'Controlado', 'Enalapril'),
(26,206, 'Lesión de tobillo', 'Fisioterapia', 'Recuperado', 'Diclofenaco'),
(30,207, 'Migraña', 'Medicación', 'Controlado', 'Sumatriptán'),
(35,208, 'Artritis', 'Medicación', 'Controlado', 'Ibuprofeno'),
(35,209, 'Alergia', 'Antihistamínico', 'Controlado', 'Cetirizina'),
(24,210, 'Lesión de espalda', 'Fisioterapia', 'Recuperado', 'Diclofenaco'),
(36,211, 'Esguince de muñeca', 'Reposo', 'Recuperado', 'Paracetamol'),
(37,212, 'Problemas digestivos', 'Dieta', 'Controlado', 'Omeprazol'),
(38,213, 'Lesión de hombro', 'Fisioterapia', 'Recuperado', 'Ibuprofeno'),
(51,214, 'Hipotiroidismo', 'Medicación', 'Controlado', 'Levotiroxina'),
(52,215, 'Lesión de cadera', 'Fisioterapia', 'Recuperado', 'Paracetamol'),
(50,216, 'Insomnio', 'Medicación', 'Controlado', 'Melatonina');

alter table condiciones_climaticas 
alter column observacion_adicional type varchar(200);

alter table contratiempos 
alter column tipo type varchar(100),
alter column descripcion type varchar(200);

insert into contratiempos
values (1,4, 'Accidente de operacion', 'Pequeño accidente de un miembro del staff al movilizar fuera del recinto unos objetos propios del torneo'),
	  (2,9, 'Accidente externo', 'Lampara cayo sobre el auto de uno de los entrenadores por fuertes vientos'),
	  (3,10, 'Accidente externo', 'Un rayo impacto en zonas aledañas al estadio y causo un poco de conmoción');


alter table condiciones_climaticas
alter column observacion_adicional type varchar(100);

insert into condiciones_climaticas
values (1, 3, 25, 45, 30, 5, 'Norte', NULL),
	  (2, 4, 26, 42, 32, 2, 'Noroeste', NULL),
	  (3, 3, 24, 43, 30, 3, 'Norte', NULL),
	  (4, 7, 23, 50, 70, 6, 'Noreste', 'Vientos poco usuales, precaución necesaria'),
	  (5, 2, 28, 26, 20, 1, 'Norte', NULL),
	  (6, 1, 30, 20, 10, 1, 'Noreste', NULL),
	  (7, 2, 29, 30, 23, 2, 'Norte', NULL),
	  (9, 7, 25, 68, 79, 9, 'Norte', 'Vientos poco usuales, precaucion necesaria'),
	  (10, 8, 19, 76, 91, 12, 'Noreste', 'Velocidad del viento extremadamente alta, precaucion necesaria');

alter table protocolos_de_seguridad
alter column nombre type varchar(50),
alter column descripcion type varchar(200);

INSERT INTO protocolos_de_seguridad (id_protocolo, nombre, descripcion) VALUES
(1, 'Protocolo de Evacuación por Tormentas', 'Procedimiento para evacuar a jugadores y espectadores en caso de tormentas eléctricas.'),
(2, 'Protocolo de Emergencia por Inundaciones', 'Plan de acción para enfrentar inundaciones repentinas en las instalaciones del torneo.'),
(3, 'Protocolo de Refugio por Terremotos', 'Instrucciones sobre cómo actuar y refugiarse en caso de un terremoto durante el torneo.'),
(4, 'Protocolo de Alerta por Calor Excesivo', 'Medidas preventivas y de seguridad para proteger a los jugadores y al público durante períodos de calor extremo.'),
(5, 'Protocolo de Seguridad ante Amenazas Climáticas', 'Directrices generales para garantizar la seguridad de todos los involucrados en el torneo en caso de condiciones climáticas adversas.'),
(6, 'Protocolo de Control de Multitudes', 'Procedimientos para gestionar y controlar multitudes en caso de emergencias o situaciones de seguridad.'),
(7, 'Protocolo de Evacuación de Emergencia', 'Plan de evacuación general para emergencias que no estén directamente relacionadas con desastres naturales.');

alter table premios
alter column nombre type varchar(100);

INSERT INTO premios (id_premio, cantidad, nombre) VALUES
(1, 2000000, 'Trofeo de Campeón'),
(2, 1000000, 'Trofeo de Subcampeón'),
(3, 500000, 'Trofeo de Campeona'),
(4, 250000, 'Trofeo de Subcampeona'),
(5, 100000,'Trofeo a la Pareja Campeona'),
(6, 50000,'Trofeo a la Pareja Subcampeona');

alter table reglamentos
alter column descripcion type varchar(300);

insert into reglamentos (id_reglamento, nombre,descripcion, fecha_de_puesta_en_marcha) 
values (001, 'Puntuacion', 'Un set se gana al alcanzar seis juegos, con una ventaja de al menos dos juegos sobre el oponente. En caso de empate a seis juegos', '1978-05-10'),
      (002, 'Tie-break', 'En caso de empate a seis juegos en un set, se juega un tie-break. El primer jugador en llegar a al menos siete puntos con una ventaja de al menos dos puntos gana el tie-break y el set.', '12/03/1978'),
	  (003, 'Abandono', 'el oponente no puede seguir jugando debido a una lesión o cualquier otra razón', '12/03/1978');
	  
insert into partidos 
values (1, '01/05/2022', '03:00:00', '04:40:40', 'NBC Sports', 'Clasificacion', 1,NULL),
      (2, '02/05/2022', '04:00:00', '05:50:29', 'Eurosport France', 'Primera ronda', 2,NULL),
	  (3, '03/05/2022', '02:00:00', '04:57:09', 'ESPN', 'Segunda ronda', 3,NULL),
	  (4, '04/05/2022', '03:00:00', '05:20:03', 'Tennis Channel', 'Final',4,1),
	  (5, '01/05/2023', '03:00:00', '05:03:29', 'NBC Sports', 'Clasificacion',5,NULL),
	  (6, '02/05/2023', '04:00:00', '06:59:10', 'Eurosport France', 'Primera ronda',6,NULL),
	  (7, '03/05/2023', '02:00:00', '04:04:13', 'ESPN', 'Segunda ronda',7,NULL),
	  (8, '04/05/2023', '04:00:00', '06:30:10', 'Eurosport France', 'Tercera ronda',7,NULL),
	  (9, '05/05/2023', '03:00:00', '06:00:10', 'Tennis Channel', 'Octavos de final',9,2),
	  (10, '06/05/2023', '02:00:00', '03:50:12', 'NBC Sports', 'Final',10,3);




INSERT INTO sets_ (id_partido, id_set, hora_inicio, hora_finalizacion, numero_set) VALUES
(001, 001,'12:00:00', '12:45:00', 1),
(001, 002,'13:00:00', '13:45:00', 2),
(001, 003,'14:00:00', '14:45:00', 3),
(001, 004,'12:15:00', '12:55:00', 4 ),
(001, 005,'13:15:00', '13:55:00', 5 ),
(002, 006,'14:15:00', '14:55:00', 1 ),
(002, 007,'12:30:00', '13:15:00', 2 ),
(002, 008,'13:30:00', '14:15:00', 3),
(003, 009,'14:30:00', '15:15:00', 1 ),
(003, 010,'12:20:00', '13:05:00', 2 ),
(004, 011,'13:20:00', '14:05:00', 1),
(004, 012,'14:20:00', '15:05:00', 2 ),
(005, 013,'12:10:00', '12:55:00', 1),
(005, 014,'13:10:00', '13:55:00', 2),
(005, 015, '14:10:00', '14:55:00',3),
(006, 016,'12:25:00', '13:10:00', 1),
(006, 017,'13:25:00', '14:10:00', 2),
(006, 018,'14:25:00', '15:10:00', 3),
(007, 019,'12:35:00', '13:20:00', 1),
(007, 020,'13:35:00', '14:20:00', 2),
(007, 021,'14:35:00', '15:20:00', 3),
(008, 022, '12:40:00', '13:25:00', 1),
(008, 023,'13:40:00', '14:25:00', 2),
(008, 024, '14:40:00', '15:25:00', 3),
(009, 025,'12:50:00', '13:35:00', 1),
(009, 026,'13:50:00', '14:35:00', 2),
(010, 027,'14:50:00', '15:35:00', 1),
(010, 028,'12:55:00', '13:40:00', 2);
	
INSERT INTO protocolos_de_los_partidos (id_protocolo, id_partido) VALUES
(1, 1),
(2, 2),
(3, 3),
(1, 5),
(3, 7);

INSERT INTO premios_de_los_partidos (id_premio, id_partido) VALUES
(1, 010),
(3, 004);

INSERT INTO Patrocinadores_de_los_partidos (id_patrocinador, id_partido)
VALUES 
(1, 1),
(2, 2),
(3, 3),
(4, 4),
(5, 5),
(6, 6),
(7, 7),
(8, 8),
(9, 9),
(10, 10);

INSERT INTO Convenios_de_los_partidos (id_partido, id_convenio)
VALUES 
(1, 1),
(2, 2),
(3, 3),
(4, 4),
(5, 5),
(6, 6),
(7, 7),
(8, 8),
(9, 9),
(10, 10);

INSERT INTO estadisticas (id_estadistica,id_set,id_deportista) VALUES
(1, 1, 21),
(2, 1, 22),
(3, 2, 21),
(4, 2, 22),
(5, 3, 21),
(6, 3, 22),
(7, 4, 21),
(8, 4, 22),
(9, 5, 21),
(10, 5, 22),

(11, 6, 23),
(12, 6, 24),
(13, 7, 23),
(14, 7, 24),
(15, 8, 23),
(16, 8, 24),

(17, 9, 25),
(18, 9, 26),
(19, 10, 25),
(20, 10, 26),

(21, 11, 27),
(22, 11, 28),
(23, 12, 27),
(24, 12, 28),

(25, 13, 29),
(26, 13, 30),
(27, 13, 31),
(28, 13, 32),
(29, 14, 29),
(30, 14, 30),
(31, 14, 31),
(32, 14, 32),
(33, 15, 29),
(34, 15, 30),
(35, 15, 31),
(36, 15, 32),

(37, 16, 33),
(38, 16, 34),
(39, 16, 35),
(40, 16, 36),
(41, 17, 33),
(42, 17, 34),
(43, 17, 35),
(44, 17, 36),
(45, 18, 33),
(46, 18, 34),
(47, 18, 35),
(48, 18, 36),

(49, 19, 37),
(50, 19, 38),
(51, 19, 39),
(52, 19, 40),
(53, 20, 37),
(54, 20, 38),
(55, 20, 39),
(56, 20, 40),
(57, 21, 37),
(58, 21, 38),
(59, 21, 39),
(60, 21, 40),

(61, 22, 41),
(62, 22, 42),
(63, 22, 43),
(64, 22, 44),
(65, 23, 41),
(66, 23, 42),
(67, 23, 43),
(68, 23, 44),
(69, 24, 41),
(70, 24, 42),
(71, 24, 43),
(72, 24, 44),

(73, 25, 45),
(74, 25, 46),
(75, 25, 47),
(76, 25, 48),
(77, 26, 45),
(78, 26, 46),
(79, 26, 47),
(80, 26, 48),

(81, 27, 49),
(82, 27, 50),
(83, 27, 51),
(84, 27, 52),
(85, 28, 49),
(86, 28, 50),
(87, 28, 51),
(88, 28, 52);



INSERT INTO estadisticas_con_puntos (id_estadistica, id_reglamento, numero_de_puntos) 
VALUES
(1, 001, 3),
(2, 001, 6),
(3, 001, 6),
(4, 001, 4),
(5, 001, 6),
(6, 001, 3),
(7, 001, 1),
(8, 001, 6),
(9, 002, 7),
(10,002, 6),

(11, 001, 3),
(12, 001, 6),
(13, 001, 2),
(14, 001, 6),
(15, 002, 6),
(16, 002, 7),

(17, 001, 2),
(18, 001, 6),
(19, 001, 4),
(20, 001, 6),

(21, 002, 7),
(22, 002, 6),
(23, 001, 6),
(24, 001, 0),

(25, 002, 6),
(26, 002, 6),
(27, 002, 7),
(28, 002, 7),
(29, 002, 7),
(30, 002, 7),
(32, 002, 6),
(33, 002, 6),
(34, 002, 7),
(35, 002, 7),
(36, 002, 6),
(37, 002, 6),

(38, 001, 6),
(39, 001, 6),
(40, 001, 3),
(41, 001, 3),
(42, 001, 1),
(43, 001, 1),
(44, 001, 6),
(45, 001, 6),
(46, 002, 7),
(47, 002, 7),
(48, 002, 6),
(49, 002, 6),

(50, 001, 1),
(51, 001, 1),
(52, 001, 6),
(53, 001, 6),
(54, 001, 6),
(55, 001, 6),
(56, 001, 4),
(57, 001, 4),
(58, 002, 7),
(59, 002, 7),
(60, 002, 6),
(61, 002, 6),

(62, 001, 1),
(63, 001, 1),
(64, 001, 6),
(65, 001, 6),
(66, 001, 6),
(67, 001, 6),
(68, 001, 4),
(69, 001, 4),
(70, 002, 7),
(71, 002, 7),
(72, 002, 6),
(73, 002, 6),

(74, 001, 6),
(75, 001, 6),
(76, 001, 4),
(77, 001, 4),
(78, 002, 7),
(79, 002, 7),
(80, 002, 6),
(81, 002, 6),

(82, 002, 7),
(83, 002, 7),
(84, 002, 6),
(85, 002, 6),
(86, 002, 7),
(87, 002, 7),
(88, 002, 6);


INSERT INTO estadisticas_sin_puntos (id_estadisticas, aceleracion_max_alcanzada,distacia_recorrida, velocidad_max_saque_efectivo, velocidad_max_alcanzada) VALUES
(1, 3.2, 1000, 220.0, 32.5),
(2, 3.0, 950, 215.0, 31.0),
(3, 2.9, 900, 210.0, 30.5),
(4, 3.1, 1100, 225.0, 33.0),
(5, 3.3, 1050, 230.0, 33.5),
(6, 2.8, 890, 205.0, 29.5),
(7, 3.4, 1150, 235.0, 34.0),
(8, 3.0, 980, 218.0, 31.5),
(9, 2.7, 870, 200.0, 28.5),
(10, 3.2, 1020, 222.0, 32.0),
(11, 2.9, 930, 212.0, 30.0),
(12, 3.1, 1080, 220.0, 32.8),
(13, 2.8, 940, 210.0, 30.2),
(14, 3.5, 1200, 240.0, 35.0),
(15, 3.3, 1060, 230.0, 33.2),
(16, 3.0, 960, 215.0, 31.4),
(17, 2.8, 910, 208.0, 29.8),
(18, 3.2, 1000, 220.0, 32.0),
(19, 2.9, 890, 210.0, 30.1),
(20, 3.4, 1150, 235.0, 34.1),
(21, 3.0, 980, 218.0, 31.7),
(22, 2.7, 870, 200.0, 28.7),
(23, 3.2, 1020, 222.0, 32.4),
(24, 2.9, 930, 212.0, 30.3),
(25, 3.1, 1080, 220.0, 32.9),
(26, 2.8, 940, 210.0, 30.5),
(27, 3.5, 1200, 240.0, 35.1),
(28, 3.3, 1060, 230.0, 33.3),
(29, 3.0, 960, 215.0, 31.6),
(30, 2.8, 910, 208.0, 29.9),
(31, 3.2, 1005, 223.0, 32.6),
(32, 3.1, 1040, 217.0, 31.3),
(33, 2.9, 930, 210.0, 30.2),
(34, 3.0, 970, 215.5, 31.5),
(35, 3.3, 1060, 230.5, 33.6),
(36, 2.8, 880, 204.0, 29.4),
(37, 3.4, 1160, 236.0, 34.2),
(38, 3.0, 985, 219.0, 31.6),
(39, 2.7, 875, 200.5, 28.6),
(40, 3.2, 1015, 223.5, 32.1),
(41, 2.9, 935, 211.0, 30.4),
(42, 3.1, 1090, 221.0, 32.7),
(43, 2.8, 945, 210.5, 30.3),
(44, 2.5, 920, 205.3, 29.8),
(45, 2.6, 955, 208.7, 31.2),
(46, 3.0, 1025, 219.8, 33.5),
(47, 2.7, 890, 201.2, 29.1),
(48, 2.8, 975, 213.6, 31.8),
(49, 2.9, 1005, 217.4, 32.2),
(50, 2.6, 930, 206.5, 30.5),
(51, 3.1, 1070, 223.9, 34.2),
(52, 2.7, 965, 209.5, 31.3),
(53, 2.8, 1000, 214.2, 32.0),
(54, 2.9, 985, 216.8, 32.6),
(55, 2.5, 915, 204.7, 29.5),
(56, 3.2, 1100, 225.6, 35.1),
(57, 2.6, 945, 207.8, 30.9),
(58, 2.7, 975, 211.5, 31.6),
(59, 3.0, 1040, 220.6, 33.9),
(60, 2.8, 955, 212.7, 31.4),
(61, 2.9, 1020, 218.3, 32.8),
(62, 2.5, 935, 206.2, 30.2),
(63, 3.1, 1065, 222.5, 34.0),
(64, 2.7, 955, 209.8, 31.1),
(65, 2.8, 995, 214.9, 31.9),
(66, 2.9, 1015, 218.9, 32.5),
(67, 2.5, 925, 205.1, 29.7),
(68, 3.2, 1095, 226.3, 35.3),
(69, 2.6, 955, 208.5, 30.8),
(70, 2.7, 985, 211.8, 31.5),
(71, 3.0, 1035, 220.3, 33.6),
(72, 2.8, 965, 213.1, 31.7),
(73, 2.9, 1005, 217.2, 32.4),
(74, 2.5, 920, 204.9, 29.4),
(75, 3.1, 1070, 223.3, 34.1),
(76, 2.7, 945, 208.9, 31.0),
(77, 2.8, 990, 214.6, 31.8),
(78, 2.9, 1010, 218.6, 32.3),
(79, 2.5, 930, 205.6, 29.6),
(80, 3.2, 1105, 227.0, 35.5),
(81, 2.6, 965, 209.0, 31.2),
(82, 2.7, 995, 212.0, 31.7),
(83, 3.0, 1045, 221.0, 33.8),
(84, 2.8, 970, 213.7, 31.5),
(85, 2.9, 1025, 219.0, 32.9),
(86, 2.5, 940, 206.0, 30.0),
(87, 3.1, 1080, 224.0, 34.3),
(88, 2.7, 965, 210.0, 31.2);


INSERT INTO participantes_de_los_partidos (id_persona, id_partido, id_tipo_persona) 
VALUES
(21,1,3),
(22,1,3),
	
(23,2,3),
(24,2,3),
	
(25,3,3),
(26,3,3),
	
(27,4,3),
(28,4,3),

(29,5,3),
(30,5,3),
(31,5,3),
(32,5,3),

(33,6,3),
(34,6,3),
(35,6,3),
(36,6,3),

(37,7,3),
(38,7,3),
(39,7,3),
(40,7,3),

(41,8,3),
(42,8,3),
(43,8,3),
(44,8,3),

(45,9,3),
(46,9,3),
(47,9,3),
(48,9,3),

(49,10,3),
(50,10,3),
(51,10,3),
(52,10,3);

INSERT INTO Logros_de_los_deportistas (id_logro_del_deportista, id_deportista, id_logro, id_premio)
VALUES 

(01, 027, 101, 3),
(02, 028, 102, 4),
(03, 049, 101, 5),
(04, 050, 101, 5),
(05, 051, 102, 6),
(06, 052, 102, 6);

INSERT INTO opiniones (id_partido, opinion) VALUES
(1, 'Buena actuación del equipo.'),
(2, 'Partido muy disputado.'),
(3, 'El arbitraje fue justo.'),
(4, 'Excelente estrategia de juego.'),
(5, 'Mucha emoción en el último minuto.'),
(6, 'El equipo visitante sorprendió.'),
(7, 'Gran desempeño defensivo.'),
(8, 'El ataque fue muy efectivo.'),
(9, 'La afición estuvo increíble.'),
(10, 'Partido aburrido sin mucha acción.');



